x,y,z,label
1,244,39,1
-2,243,39,1
-4,244,38,1
-1,246,41,1
2,249,41,1
2,247,45,1
1,248,44,1
0,246,40,1
0,245,40,1
1,243,36,1
2,242,35,1
1,244,36,1
-2,248,41,1
-4,251,44,1
-1,250,44,1
4,245,49,1
10,236,52,1
10,231,45,1
2,233,39,1
-14,244,39,1
-25,256,42,1
-19,263,47,1
1,261,46,1
26,254,45,1
35,246,44,1
20,238,36,1
-7,230,42,1
-24,223,52,1
-16,232,61,1
-5,238,47,1
15,247,35,1
21,251,35,1
12,257,45,1
-4,259,58,1
-16,259,59,1
-18,257,54,1
-10,251,42,1
4,241,35,1
21,231,36,1
24,227,40,1
14,226,44,1
-2,235,47,1
-17,248,51,1
-18,257,51,1
-9,258,48,1
2,252,48,1
15,244,51,1
24,242,54,1
15,243,56,1
-1,238,49,1
-8,237,40,1
-7,246,41,1
-4,254,44,1
-6,255,39,1
6,251,36,1
19,244,49,1
21,231,62,1
8,230,63,1
-6,236,57,1
-15,246,46,1
-18,260,37,1
-15,265,32,1
-11,260,47,1
11,248,59,1
32,236,52,1
25,226,35,1
14,223,39,1
-6,229,46,1
-26,242,51,1
-22,244,61,1
0,251,59,1
11,264,50,1
6,267,32,1
5,267,16,1
-4,263,24,1
-4,242,44,1
17,226,58,1
40,222,66,1
23,208,69,1
-8,211,56,1
-29,231,28,1
-24,245,15,1
-12,249,30,1
11,269,64,1
31,291,75,1
15,301,67,1
8,283,59,1
19,244,53,1
39,209,78,1
27,176,50,1
14,188,32,1
-7,222,22,1
-18,245,32,1
-13,266,53,1
6,270,63,1
9,260,66,1
20,259,61,1
21,265,37,1
14,257,19,1
1,238,31,1
2,235,36,1
13,243,32,1
42,259,49,1
-97,169,44,1
-92,193,45,1
-49,258,38,1
-34,263,42,1
10,259,63,1
34,256,87,1
35,252,81,1
29,256,52,1
19,252,24,1
13,232,22,1
2,216,25,1
-5,228,32,1
-12,242,47,1
-13,248,47,1
-10,254,39,1
-2,250,39,1
1,247,41,1
7,254,37,1
10,262,33,1
8,256,34,1
3,244,40,1
-8,234,48,1
-17,227,58,1
-16,224,57,1
-2,233,39,1
12,245,23,1
17,251,20,1
11,253,32,1
2,255,43,1
-7,256,47,1
-9,258,46,1
-6,246,45,1
-2,244,44,1
-2,247,42,1
0,255,33,1
9,249,37,1
10,233,45,1
10,227,50,1
3,229,56,1
-2,234,54,1
-9,241,44,1
-8,255,33,1
-2,257,40,1
6,247,47,1
11,245,57,1
3,251,61,1
-6,255,55,1
-10,250,49,1
-6,242,44,1
4,242,47,1
14,247,53,1
13,255,54,1
-2,256,50,1
-9,245,40,1
-3,222,36,1
4,211,47,1
13,216,46,1
11,233,52,1
3,255,62,1
-1,275,61,1
-5,282,49,1
-3,269,54,1
-3,251,71,1
-1,234,86,1
-1,223,61,1
1,217,29,1
1,216,15,1
5,237,31,1
2,264,58,1
0,271,62,1
5,264,66,1
3,255,67,1
0,248,66,1
3,238,57,1
2,231,48,1
-1,225,31,1
-2,221,18,1
-1,231,20,1
1,248,43,1
2,260,64,1
2,261,70,1
-2,258,62,1
-6,259,54,1
-5,262,55,1
3,253,56,1
4,241,49,1
2,218,36,1
0,206,28,1
0,209,29,1
-4,231,44,1
-6,261,60,1
-9,281,71,1
-5,277,64,1
-3,269,57,1
-2,250,48,1
8,235,51,1
14,218,46,1
13,208,38,1
-1,220,39,1
-20,248,49,1
-19,265,52,1
-6,269,54,1
6,266,67,1
6,258,79,1
6,248,74,1
55,238,48,1
4,214,33,1
4,205,27,1
12,211,28,1
2,234,43,1
-2,266,55,1
-17,272,54,1
-30,263,54,1
-32,259,54,1
-22,255,53,1
0,249,58,1
18,240,56,1
26,240,56,1
13,241,56,1
-5,239,52,1
-14,237,53,1
-21,227,40,1
-22,230,43,1
-3,228,43,1
-18,236,50,1
60,212,62,1
84,227,66,1
41,272,59,1
-5,294,49,1
-28,286,61,1
-18,260,68,1
-4,236,64,1
0,219,54,1
3,209,47,1
8,205,45,1
-1,212,48,1
-8,235,54,1
-4,260,57,1
-1,281,51,1
2,284,47,1
5,273,39,1
0,253,36,1
-13,235,39,1
-11,228,56,1
1,231,63,1
9,231,60,1
10,226,45,1
8,225,30,1
0,233,28,1
-15,247,38,1
-5,260,36,1
6,274,48,1
15,279,57,1
22,265,50,1
21,241,38,1
3,226,26,1
-20,224,24,1
-24,226,31,1
-3,232,52,1
15,243,67,1
25,248,66,1
22,250,49,1
9,255,31,1
-5,257,22,1
-20,254,23,1
-26,249,30,1
-12,244,42,1
4,242,50,1
19,242,58,1
22,241,57,1
12,239,55,1
-2,234,45,1
-6,233,25,1
0,233,12,1
6,238,22,1
12,254,52,1
0,260,76,1
-26,264,74,1
-23,256,59,1
0,240,39,1
5,235,29,1
4,232,28,1
10,231,32,1
5,246,46,1
-22,254,63,1
-32,255,61,1
-16,252,36,1
6,246,26,1
23,239,30,1
30,232,44,1
20,234,63,1
0,240,71,1
-25,250,56,1
-33,253,34,1
-23,253,31,1
2,255,41,1
21,255,54,1
24,246,56,1
13,234,43,1
6,227,33,1
-5,227,39,1
-17,233,48,1
-19,241,56,1
-3,248,61,1
18,249,65,1
24,253,63,1
16,260,52,1
11,269,35,1
2,266,25,1
-18,256,27,1
-20,247,38,1
-6,226,49,1
9,209,51,1
8,214,43,1
-11,236,44,1
-25,241,45,1
-14,239,47,1
-1,246,54,1
3,257,57,1
8,264,53,1
2,269,41,1
-21,269,33,1
-31,262,28,1
-9,254,35,1
16,240,29,1
21,224,35,1
13,218,52,1
7,215,64,1
6,211,67,1
1,212,62,1
-7,230,52,1
-11,259,36,1
-4,283,26,1
1,296,29,1
-5,298,35,1
-5,277,43,1
-2,253,54,1
-9,223,61,1
-4,198,66,1
4,184,57,1
3,198,40,1
4,231,30,1
-18,261,29,1
-29,286,33,1
-7,286,47,1
23,273,44,1
38,251,52,1
40,238,53,1
34,231,59,1
8,221,56,1
-26,220,53,1
-31,230,45,1
-4,246,46,1
22,256,40,1
36,257,39,1
-3,269,39,1
23,250,42,1
-17,254,37,1
-29,246,51,1
-10,226,68,1
10,212,72,1
18,214,74,1
11,235,50,1
-9,256,15,1
-19,267,6,1
-7,268,28,1
8,268,46,1
19,256,52,1
19,239,51,1
14,221,47,1
3,220,44,1
-16,234,39,1
-25,245,40,1
-23,255,41,1
-8,262,44,1
11,259,42,1
24,252,36,1
20,240,34,1
6,232,36,1
-8,229,44,1
-21,232,55,1
-23,237,60,1
-12,241,55,1
2,247,44,1
13,252,29,1
14,253,26,1
5,258,32,1
-7,267,48,1
-12,264,57,1
-6,250,52,1
-2,230,48,1
-4,216,45,1
-9,216,43,1
-3,231,45,1
9,252,46,1
18,262,40,1
11,259,39,1
5,250,41,1
1,238,40,1
-7,233,40,1
-19,238,42,1
-16,249,48,1
1,261,51,1
15,263,49,1
16,252,45,1
8,238,46,1
1,229,49,1
-4,230,48,1
-10,240,43,1
-10,249,35,1
-8,251,35,1
-7,249,34,1
-5,249,34,1
4,252,37,1
17,253,42,1
21,244,51,1
9,233,56,1
-8,230,51,1
-20,241,40,1
-16,254,29,1
-1,262,27,1
9,259,32,1
11,246,42,1
9,236,49,1
3,229,53,1
-4,235,45,1
-7,247,36,1
-1,251,32,1
0,248,36,1
0,244,45,1
2,243,43,1
6,249,42,1
10,255,41,1
10,252,37,1
4,243,35,1
-2,237,36,1
-11,237,38,1
-19,240,42,1
-11,245,48,1
7,247,55,1
23,249,55,1
24,249,49,1
10,251,41,1
-3,249,33,1
-16,244,30,1
-15,238,31,1
-6,238,40,1
0,241,48,1
4,243,51,1
7,246,47,1
9,251,41,1
9,255,40,1
5,255,43,1
-1,256,48,1
-10,248,50,1
-10,239,44,1
-3,234,33,1
0,228,22,1
3,230,25,1
7,244,38,1
8,258,53,1
4,261,61,1
1,254,56,1
-2,243,55,1
-5,239,51,1
-4,241,48,1
-1,246,40,1
4,250,36,1
6,251,34,1
4,243,26,1
1,237,24,1
-2,233,34,1
-3,235,51,1
0,242,62,1
3,249,64,1
0,252,48,1
-3,256,37,1
-1,258,33,1
5,258,42,1
15,251,38,1
2,239,44,1
8,235,44,1
3,228,48,1
-9,226,40,1
-2,238,34,1
10,249,37,1
18,256,45,1
7,256,49,1
0,251,52,1
-5,249,58,1
-1,253,58,1
-36,234,54,1
8,257,42,1
16,247,25,1
37,242,20,1
34,235,29,1
13,233,45,1
0,242,57,1
-11,247,64,1
-14,245,66,1
-10,246,63,1
5,248,58,1
13,251,48,1
15,249,37,1
13,239,28,1
10,236,37,1
2,244,52,1
-14,255,60,1
-16,261,59,1
-7,255,52,1
1,245,48,1
4,232,40,1
2,227,27,1
1,225,23,1
1,239,32,1
1,253,48,1
-2,256,56,1
-2,255,50,1
1,250,39,1
4,245,32,1
10,251,31,1
6,255,38,1
-3,251,37,1
-12,242,37,1
-12,233,40,1
-1,227,36,1
13,234,40,1
27,248,47,1
23,254,42,1
6,253,40,1
-13,253,36,1
-27,251,30,1
-18,246,34,1
4,244,43,1
17,238,44,1
15,233,37,1
6,233,30,1
0,241,29,1
-1,247,34,1
0,254,43,1
0,261,43,1
0,264,36,1
0,259,33,1
-1,244,33,1
-7,228,33,1
-6,222,29,1
-2,225,30,1
5,239,31,1
13,254,37,1
15,261,44,1
5,257,54,1
-7,251,56,1
-7,246,47,1
-2,243,32,1
-1,237,17,1
5,233,16,1
20,240,30,1
19,251,43,1
3,254,43,1
-10,254,46,1
-9,250,47,1
1,239,43,1
8,230,44,1
11,232,44,1
4,248,44,1
-7,259,48,1
-15,262,44,1
-12,256,36,1
-2,246,33,1
1,236,35,1
2,232,43,1
3,231,47,1
1,239,47,1
-1,245,43,1
-7,250,36,1
-7,251,32,1
-5,256,31,1
-1,260,34,1
1,260,36,1
1,253,42,1
2,231,44,1
2,214,42,1
0,211,36,1
-4,228,37,1
-4,251,39,1
-1,267,44,1
1,270,52,1
0,264,58,1
-1,257,57,1
0,250,48,1
7,240,36,1
9,232,29,1
3,228,31,1
-4,229,38,1
-12,235,46,1
-14,244,46,1
-2,248,43,1
11,257,46,1
21,258,53,1
13,250,55,1
2,237,47,1
-6,237,38,1
-9,241,31,1
-2,250,35,1
7,257,39,1
9,260,42,1
3,254,43,1
-3,243,43,1
-7,232,38,1
-5,226,36,1
1,225,35,1
4,232,36,1
7,241,36,1
5,251,39,1
1,258,44,1
0,264,49,1
0,263,49,1
-1,259,39,1
-2,253,29,1
-6,245,31,1
-8,231,32,1
-1,224,34,1
5,225,41,1
11,232,44,1
13,244,45,1
4,255,45,1
-4,256,44,1
-9,255,39,1
-5,253,33,1
1,246,30,1
6,248,34,1
7,253,48,1
2,253,52,1
-2,245,48,1
-2,234,38,1
-1,229,29,1
0,233,24,1
4,240,29,1
5,249,42,1
4,257,55,1
0,258,59,1
-1,252,53,1
-1,244,44,1
-2,238,36,1
-3,238,33,1
0,241,32,1
4,247,35,1
10,252,43,1
8,251,49,1
1,245,47,1
-8,238,45,1
-14,236,42,1
-9,238,37,1
7,245,38,1
15,254,38,1
10,257,39,1
1,256,40,1
-10,248,41,1
-15,238,42,1
-7,232,39,1
4,236,39,1
14,244,40,1
15,253,46,1
6,255,49,1
-2,252,46,1
-12,247,39,1
-16,242,33,1
-9,240,28,1
3,242,32,1
10,244,40,1
7,244,50,1
1,241,53,1
-5,238,47,1
-5,240,38,1
2,247,31,1
11,255,36,1
7,258,44,1
0,257,48,1
-11,248,49,1
-14,238,47,1
-11,230,41,1
-2,226,33,1
7,230,30,1
15,242,37,1
17,258,48,1
8,266,55,1
-1,262,57,1
-13,253,59,1
-14,240,52,1
-10,231,39,1
-2,223,25,1
7,225,25,1
11,239,39,1
8,253,55,1
1,256,59,1
-5,256,55,1
-4,254,47,1
-2,251,40,1
2,248,31,1
4,250,36,1
3,251,48,1
-1,245,48,1
-5,234,43,1
-8,228,40,1
-7,227,32,1
-2,231,23,1
10,247,34,1
15,259,52,1
9,264,61,1
2,258,60,1
-12,252,56,1
-16,244,52,1
-9,238,43,1
2,233,33,1
13,232,29,1
18,238,37,1
9,246,44,1
-7,252,48,1
-23,252,47,1
-20,247,47,1
-6,241,46,1
8,241,39,1
17,246,34,1
17,254,32,1
6,257,38,1
-8,253,44,1
-15,243,47,1
-14,239,44,1
-5,233,39,1
3,235,35,1
11,238,34,1
9,246,40,1
3,250,41,1
-4,248,44,1
-7,245,42,1
-1,241,34,1
2,241,32,1
4,250,34,1
4,256,42,1
-1,261,50,1
-4,257,48,1
-2,248,47,1
-1,236,43,1
0,228,37,1
-2,225,32,1
-1,228,27,1
4,241,31,1
8,254,41,1
8,260,52,1
7,259,53,1
6,255,48,1
4,254,40,1
-7,254,39,1
-23,244,37,1
-28,232,38,1
-14,221,38,1
8,223,36,1
28,242,44,1
33,258,53,1
27,258,52,1
10,250,50,1
-20,248,58,1
-39,249,59,1
-36,248,47,1
-20,239,27,1
-7,235,24,1
8,232,33,1
24,234,44,1
21,244,51,1
2,255,51,1
-13,260,52,1
-16,256,47,1
-7,244,37,1
1,237,25,1
1,235,26,1
-6,244,39,1
-14,247,51,1
-13,245,54,1
0,244,49,1
12,245,47,1
19,249,42,1
15,248,34,1
2,244,37,1
-13,242,48,1
-17,244,54,1
-11,240,51,1
-5,240,43,1
5,243,36,1
14,251,40,1
13,254,40,1
1,248,44,1
-8,246,54,1
0,250,61,1
13,245,54,1
18,234,40,1
16,234,33,1
4,244,32,1
-14,251,38,1
-25,249,47,1
-22,245,53,1
-3,239,60,1
21,237,53,1
-24,264,56,1
37,249,27,1
54,242,21,1
4,248,36,1
-19,242,52,1
-31,235,52,1
-13,234,36,1
15,244,25,1
33,257,29,1
30,262,42,1
19,256,48,1
4,244,46,1
-2,232,37,1
-5,230,30,1
4,243,22,1
5,246,31,1
10,248,42,1
5,253,54,1
1,254,54,1
1,251,42,1
8,252,30,1
16,243,28,1
9,235,39,1
-4,235,42,1
-16,236,50,1
-10,242,53,1
0,247,53,1
11,248,53,1
11,248,52,1
3,249,49,1
-8,252,52,1
-17,255,53,1
-20,253,48,1
-17,253,42,1
-13,247,40,1
-2,235,38,1
10,229,36,1
19,227,35,1
18,235,38,1
5,241,45,1
-6,250,51,1
-14,256,52,1
-15,262,48,1
-13,263,36,1
-2,256,25,1
6,238,27,1
11,218,36,1
13,216,44,1
13,230,47,1
9,252,51,1
-2,267,51,1
-16,268,47,1
-17,259,41,1
-5,247,33,1
0,235,29,1
2,225,33,1
7,225,36,1
9,237,38,1
6,248,43,1
-1,255,47,1
-11,258,49,1
-12,259,47,1
-8,256,39,1
-1,245,38,1
6,231,34,1
14,229,36,1
16,234,40,1
13,246,47,1
4,248,48,1
-5,242,47,1
-14,244,40,1
-17,249,34,1
-8,252,35,1
9,253,46,1
23,254,53,1
21,252,49,1
7,248,40,1
-12,244,34,1
-19,238,32,1
-11,233,36,1
2,232,42,1
15,234,45,1
18,238,46,1
10,249,41,1
-4,256,38,1
-13,256,37,1
-10,251,37,1
0,247,44,1
4,246,49,1
7,246,50,1
6,246,49,1
2,249,41,1
-5,250,32,1
-8,243,24,1
1,233,27,1
10,232,41,1
8,239,52,1
1,249,59,1
-4,251,55,1
-4,249,48,1
-2,247,37,1
0,247,31,1
1,250,35,1
-1,255,40,1
0,255,48,1
4,250,51,1
6,238,45,1
3,227,32,1
-1,226,27,1
0,233,28,1
2,249,38,1
3,261,53,1
1,265,58,1
-1,257,51,1
-7,249,48,1
-2,240,50,1
5,235,48,1
11,229,36,1
8,229,29,1
1,238,35,1
-5,252,44,1
-7,257,53,1
-6,260,50,1
-1,255,39,1
3,246,37,1
3,236,35,1
4,231,40,1
7,236,45,1
5,247,47,1
2,253,46,1
-5,254,43,1
-8,248,41,1
-7,241,43,1
-1,237,38,1
7,238,38,1
17,244,40,1
13,253,43,1
2,255,47,1
-8,253,48,1
-11,248,46,1
-4,245,40,1
2,241,34,1
5,240,34,1
3,244,42,1
0,249,45,1
0,245,46,1
2,238,43,1
1,235,40,1
-3,236,38,1
-10,242,40,1
-9,248,42,1
-2,249,43,1
5,248,43,1
14,252,46,1
17,257,40,1
16,259,38,1
9,256,39,1
2,251,39,1
-5,243,36,1
-12,236,34,1
-15,229,36,1
-7,225,43,1
8,229,48,1
20,242,50,1
20,251,45,1
11,255,37,1
-1,256,36,1
-8,257,37,1
-7,253,40,1
-2,249,38,1
-1,244,36,1
0,237,35,1
-3,234,37,1
-5,237,42,1
-1,243,48,1
6,252,56,1
12,254,59,1
11,256,55,1
8,252,38,1
12,244,24,1
9,233,25,1
-3,228,32,1
-18,237,41,1
-18,245,51,1
0,254,57,1
18,259,53,1
24,255,44,1
17,247,37,1
6,238,32,1
-11,235,34,1
-19,239,38,1
-8,248,44,1
6,253,47,1
10,254,42,1
9,249,34,1
6,236,30,1
2,231,33,1
1,232,40,1
1,243,48,1
2,254,49,1
2,259,47,1
0,258,40,1
-2,252,36,1
-5,245,39,1
-3,239,43,1
3,234,44,1
6,234,44,1
4,236,36,1
3,238,34,1
3,247,37,1
0,256,42,1
-5,256,48,1
-9,252,45,1
-5,247,40,1
1,246,37,1
6,249,41,1
5,246,47,1
2,241,44,1
1,236,38,1
0,230,33,1
-3,232,28,1
-6,238,33,1
-2,250,42,1
3,258,49,1
7,262,52,1
6,262,52,1
0,255,49,1
-4,244,44,1
-9,234,38,1
-5,226,28,1
2,225,22,1
10,233,32,1
11,244,47,1
5,256,58,1
-3,260,58,1
-8,259,51,1
-6,253,46,1
-1,242,36,1
2,232,26,1
5,229,24,1
3,235,34,1
1,246,49,1
-1,257,58,1
-6,261,58,1
-2,255,51,1
1,247,39,1
7,235,28,1
4,227,23,1
-1,231,28,1
-7,243,43,1
-5,253,54,1
0,257,57,1
1,253,50,1
1,242,38,1
-1,235,31,1
-1,237,31,1
1,241,35,1
1,250,44,1
1,255,52,1
1,258,51,1
1,254,42,1
1,246,33,1
1,237,32,1
-1,233,35,1
-5,233,37,1
-4,237,39,1
1,247,41,1
6,252,45,1
5,254,44,1
1,252,41,1
0,250,39,1
0,248,37,1
0,245,37,1
-1,245,36,1
-2,242,38,1
-1,241,39,1
0,243,40,1
1,246,40,1
2,248,40,1
1,247,40,1
1,242,43,1
1,238,39,1
1,237,38,1
3,242,40,1
1,254,45,1
-4,260,48,1
-9,258,43,1
-5,251,36,1
3,242,29,1
12,234,30,1
13,230,35,1
3,236,42,1
-7,244,52,1
-12,249,51,1
-4,249,41,1
6,246,32,1
10,248,29,1
5,252,32,1
0,253,39,1
-3,247,44,1
-1,238,41,1
0,231,37,1
-2,234,35,1
-4,242,36,1
-1,253,42,1
4,258,43,1
7,258,47,1
7,253,43,1
2,244,31,1
-1,236,27,1
-3,237,32,1
-2,242,39,1
-1,246,45,1
0,246,45,1
0,244,45,1
-1,242,46,1
0,243,44,1
2,246,38,1
4,251,37,1
6,255,38,1
3,255,40,1
-1,250,36,1
-3,242,31,1
-1,238,29,1
0,240,34,1
1,241,42,1
1,242,45,1
1,241,43,1
1,243,41,1
4,246,39,1
4,251,37,1
4,253,39,1
0,252,38,1
-4,247,38,1
-7,243,33,1
-4,241,31,1
0,244,34,1
6,249,38,1
6,255,47,1
3,252,47,1
1,246,44,1
1,236,35,1
3,228,27,1
2,230,27,1
-6,245,35,1
-12,256,45,1
-8,260,53,1
0,256,54,1
9,247,47,1
12,239,37,1
12,233,29,1
4,234,24,1
-8,244,30,1
-22,254,44,1
-21,261,51,1
-11,258,54,1
-1,248,45,1
8,233,37,1
13,226,30,1
17,227,31,1
10,237,38,1
-4,248,45,1
-16,252,51,1
-17,252,49,1
-8,251,42,1
2,252,34,1
6,254,31,1
3,252,33,1
-2,250,40,1
-2,242,44,1
1,234,39,1
10,233,33,1
13,233,30,1
5,240,34,1
-7,249,44,1
-16,253,49,1
-18,255,46,1
-11,252,40,1
1,251,38,1
15,248,33,1
20,244,33,1
13,239,36,1
-1,236,40,1
-12,239,45,1
-12,242,45,1
-5,248,38,1
-2,248,29,1
-1,249,32,1
-2,248,43,1
0,248,45,1
6,250,46,1
13,253,47,1
13,251,52,1
5,245,48,1
-2,232,39,1
-10,223,33,1
-16,227,31,1
-18,241,40,1
-2,256,43,1
14,260,47,1
19,260,49,1
10,255,54,1
-1,249,54,1
-5,244,45,1
0,237,36,1
7,229,29,1
9,225,27,1
0,230,29,1
-11,245,38,1
-16,259,48,1
-9,263,59,1
1,258,58,1
6,254,53,1
10,250,51,1
12,246,47,1
10,238,39,1
2,226,29,1
-4,219,26,1
-10,224,36,1
-15,245,51,1
-6,267,59,1
4,276,57,1
14,267,62,1
17,253,65,1
14,240,56,1
5,229,36,1
-1,219,18,1
-12,217,20,1
-16,231,41,1
-8,252,60,1
10,265,62,1
16,267,58,1
7,261,57,1
1,253,50,1
0,241,37,1
0,228,25,1
1,225,28,1
2,236,41,1
6,246,48,1
7,251,49,1
4,249,42,1
2,248,38,1
2,245,36,1
1,252,41,1
-1,259,47,1
-6,258,44,1
-10,243,33,1
-9,224,26,1
-1,213,24,1
10,218,29,1
24,243,47,1
23,268,70,1
8,282,80,1
1,273,62,1
0,258,54,1
0,239,52,1
-2,221,40,1
-2,209,25,1
2,206,16,1
12,221,30,1
11,257,57,1
-2,283,72,1
-8,282,74,1
-4,266,71,1
0,252,60,1
3,241,41,1
2,229,25,1
-2,212,15,1
-16,211,16,1
-27,230,31,1
-8,249,44,1
12,258,49,1
24,262,49,1
19,261,45,1
0,258,44,1
-14,252,44,1
-18,242,39,1
-15,229,29,1
-5,223,23,1
6,223,25,1
19,234,34,1
15,248,43,1
8,255,58,1
-10,257,42,1
-21,263,47,1
-13,257,48,1
-1,247,47,1
14,237,53,1
23,247,24,1
24,242,13,1
24,243,21,1
6,236,29,1
-17,233,38,1
-29,237,45,1
-15,249,47,1
-2,259,39,1
14,260,35,1
21,256,33,1
13,251,35,1
4,242,40,1
-1,230,45,1
-10,226,40,1
-16,231,35,1
-11,242,35,1
4,255,42,1
16,261,48,1
15,258,52,1
5,252,53,1
-4,251,47,1
-6,244,37,1
-1,231,28,1
4,225,28,1
5,230,38,1
1,242,47,1
-5,253,49,1
-9,258,44,1
-4,259,41,1
1,254,37,1
4,246,34,1
7,235,32,1
7,232,38,1
1,237,48,1
-9,244,51,1
-17,253,46,1
-12,255,39,1
-2,253,36,1
7,245,34,1
13,237,33,1
10,235,33,1
1,238,38,1
-8,244,43,1
-11,250,47,1
-5,254,48,1
0,253,45,1
5,254,42,1
5,250,38,1
4,243,32,1
1,236,29,1
-3,232,28,1
-4,234,34,1
-4,242,40,1
2,248,48,1
6,255,49,1
6,257,47,1
3,257,41,1
0,253,36,1
-1,245,35,1
-3,238,36,1
-2,234,34,1
1,234,34,1
5,240,37,1
6,244,37,1
4,246,38,1
-2,246,38,1
-7,249,40,1
-5,254,44,1
2,257,46,1
6,257,47,1
2,251,41,1
0,244,37,1
-2,234,31,1
0,228,32,1
9,230,33,1
13,237,36,1
5,249,45,1
-12,255,47,1
-18,260,47,1
-7,258,47,1
7,252,40,1
13,243,35,1
9,234,29,1
-2,230,32,1
-11,236,41,1
-11,244,48,1
-2,252,52,1
10,256,46,1
11,252,36,1
4,246,33,1
-3,242,32,1
-9,240,38,1
-5,238,41,1
1,239,44,1
8,242,41,1
7,245,40,1
2,248,37,1
-4,250,39,1
-10,255,41,1
-5,253,45,1
3,247,45,1
6,242,40,1
3,240,38,1
-1,242,35,1
-2,241,37,1
-1,241,37,1
1,244,39,1
2,249,41,1
-1,253,47,1
-4,252,49,1
-5,246,47,1
-2,241,42,1
1,239,36,1
5,237,34,1
5,240,35,1
2,246,43,1
-2,254,47,1
-3,255,50,1
-3,253,49,1
-2,247,45,1
-2,243,39,1
-1,243,36,1
4,242,36,1
8,240,39,1
5,240,42,1
0,243,42,1
-7,247,44,1
-7,250,43,1
-3,252,44,1
0,249,44,1
2,244,45,1
3,240,42,1
1,239,35,1
0,239,33,1
0,244,36,1
1,249,44,1
2,253,51,1
1,254,53,1
-4,251,49,1
-6,247,44,1
-3,242,37,1
3,237,33,1
7,236,31,1
5,242,40,1
2,249,52,1
0,253,55,1
-2,251,53,1
-2,245,47,1
-5,243,42,1
-5,241,35,1
-1,241,33,1
4,245,38,1
8,248,48,1
6,249,49,1
-1,250,47,1
-7,247,43,1
-9,246,41,1
-5,245,39,1
0,244,39,1
4,245,41,1
3,245,42,1
1,244,41,1
0,239,39,1
-1,239,36,1
-3,242,37,1
-4,250,41,1
-2,255,46,1
1,256,50,1
2,249,49,1
3,241,44,1
2,234,40,1
-1,234,33,1
-7,238,34,1
-10,246,38,1
-4,253,47,1
2,257,54,1
6,254,50,1
4,249,46,1
1,242,42,1
-3,239,39,1
-2,236,36,1
1,239,39,1
1,247,45,1
1,252,48,1
-2,250,46,1
-4,245,40,1
-1,240,34,1
1,238,33,1
3,241,35,1
4,249,44,1
-1,255,51,1
-4,256,53,1
-7,252,47,1
-3,244,41,1
1,241,37,1
4,239,34,1
4,239,35,1
0,242,38,1
-3,244,46,1
-2,246,46,1
0,248,44,1
4,248,43,1
3,248,42,1
0,248,41,1
-5,247,39,1
-5,244,38,1
0,242,36,1
3,242,38,1
4,244,42,1
2,247,46,1
0,249,48,1
-3,248,46,1
-2,245,40,1
-1,243,34,1
1,240,32,1
2,243,38,1
1,244,45,1
1,245,48,1
2,244,52,1
2,246,46,1
3,248,40,1
1,253,36,1
0,254,34,1
-4,252,37,1
-5,245,41,1
-3,236,41,1
0,231,41,1
6,235,39,1
11,249,29,1
5,243,53,1
1,251,56,1
-3,248,61,1
-7,254,53,1
-7,253,42,1
-2,248,36,1
0,242,31,1
3,238,31,1
2,236,37,1
3,238,41,1
5,243,45,1
3,249,45,1
0,252,45,1
-6,252,44,1
-8,248,42,1
-7,245,39,1
-1,243,37,1
1,244,35,1
3,245,39,1
3,248,42,1
1,247,43,1
1,246,43,1
-1,243,39,1
-1,240,34,1
-1,239,36,1
0,244,41,1
0,250,43,1
0,254,46,1
1,253,47,1
0,249,45,1
-1,245,45,1
-2,242,39,1
-2,239,35,1
0,237,33,1
3,240,36,1
7,243,40,1
4,246,43,1
-1,249,44,1
-9,251,44,1
-11,251,43,1
-8,251,40,1
-1,250,40,1
6,249,38,1
10,246,36,1
9,240,37,1
2,237,37,1
-2,238,40,1
-7,243,42,1
-6,247,45,1
-3,248,43,1
0,248,40,1
0,248,36,1
1,247,34,1
2,249,37,1
3,250,42,1
3,249,45,1
1,246,44,1
0,242,41,1
-3,239,37,1
-4,238,33,1
-1,240,35,1
0,247,41,1
1,251,43,1
2,252,45,1
1,250,42,1
0,247,39,1
2,242,34,1
1,241,35,1
0,243,38,1
-2,245,40,1
-5,247,44,1
-3,247,42,1
2,246,39,1
6,244,36,1
9,245,38,1
4,246,38,1
-1,245,41,1
-9,245,41,1
-11,243,39,1
-7,242,36,1
-1,245,34,1
2,249,42,1
4,255,48,1
6,255,50,1
6,246,47,1
6,236,41,1
1,232,38,1
-3,233,37,1
-8,237,39,1
-8,243,39,1
-3,250,39,1
0,255,40,1
2,257,42,1
1,257,43,1
1,257,48,1
1,252,49,1
1,242,46,1
0,235,38,1
0,229,29,1
0,229,27,1
2,229,28,1
4,234,35,1
1,245,47,1
-8,259,57,1
-14,268,55,1
-9,267,45,1
-4,260,37,1
8,244,40,1
13,229,42,1
7,224,45,1
-4,223,44,1
-14,235,41,1
-15,252,38,1
-11,261,33,1
-1,259,34,1
7,256,39,1
11,251,49,1
9,244,53,1
1,238,49,1
-3,240,37,1
-6,239,31,1
-7,237,36,1
-11,238,46,1
-8,242,54,1
-7,250,58,1
3,254,51,1
15,257,40,1
20,254,31,1
12,243,30,1
-2,229,30,1
-26,234,45,1
-30,242,61,1
-8,242,64,1
15,245,61,1
18,250,51,1
9,256,42,1
-4,256,39,1
-16,245,31,1
-16,238,25,1
-2,241,34,1
10,245,48,1
7,248,57,1
-1,251,55,1
-6,249,43,1
-3,239,31,1
1,231,26,1
9,227,31,1
8,226,36,1
-1,241,45,1
-12,259,51,1
-4,275,51,1
6,275,45,1
6,261,45,1
2,251,49,1
1,230,38,1
1,215,32,1
2,213,34,1
2,229,48,1
-4,250,52,1
-7,259,48,1
-5,260,44,1
-1,255,42,1
0,248,38,1
0,245,36,1
1,242,34,1
1,244,40,1
0,249,45,1
0,252,42,1
-2,248,35,1
-4,244,33,1
-3,240,33,1
0,238,36,1
0,239,41,1
1,242,43,1
1,247,38,1
0,249,30,1
1,246,27,1
0,245,29,1
1,248,35,1
3,252,46,1
2,252,48,1
1,250,42,1
0,245,34,1
-2,240,27,1
-2,236,28,1
-1,237,36,1
4,242,44,1
7,245,48,1
6,248,44,1
1,249,38,1
-7,248,36,1
-11,248,32,1
-8,247,30,1
0,246,32,1
7,248,40,1
9,248,44,1
5,246,45,1
0,242,45,1
-7,240,43,1
-7,241,44,1
3,248,48,1
7,248,42,1
10,249,36,1
5,247,34,1
-3,248,40,1
3,246,42,1
-1,245,43,1
-2,242,48,1
-1,244,48,1
2,245,47,1
3,244,40,1
-4,243,34,1
-7,248,33,1
-7,243,33,1
-4,239,34,1
3,236,35,1
8,238,40,1
5,247,41,1
0,255,45,1
-3,257,45,1
-3,255,40,1
1,248,38,1
2,243,35,1
1,240,35,1
1,240,38,1
0,241,38,1
0,243,40,1
2,243,42,1
2,243,43,1
2,243,43,1
1,246,42,1
0,249,40,1
-3,252,38,1
-2,252,36,1
0,252,34,1
2,250,35,1
2,247,40,1
2,240,41,1
1,237,41,1
1,234,42,1
0,237,41,1
0,246,41,1
0,254,40,1
0,257,38,1
0,255,37,1
1,250,39,1
2,239,42,1
3,234,43,1
1,235,41,1
1,241,40,1
-1,248,40,1
-2,252,44,1
-5,251,44,1
-3,251,43,1
1,250,41,1
5,249,38,1
8,246,38,1
5,242,38,1
2,236,39,1
1,234,40,1
-1,237,38,1
0,245,37,1
1,253,39,1
1,257,42,1
1,258,45,1
0,254,42,1
-2,245,40,1
-1,237,35,1
0,233,36,1
2,235,36,1
4,242,41,1
6,249,49,1
4,252,52,1
0,251,49,1
-5,249,43,1
-9,247,38,1
-5,248,36,1
1,247,33,1
8,244,38,1
10,243,44,1
5,241,47,1
-2,244,48,1
-7,245,43,1
-6,246,43,1
-2,247,39,1
3,247,38,1
8,244,38,1
5,244,40,1
1,244,42,1
-2,246,45,1
-1,248,43,1
1,247,41,1
3,245,38,1
2,244,36,1
1,245,37,1
-1,243,38,1
0,243,43,1
1,246,42,1
0,243,38,0
-1,243,38,0
0,243,39,0
0,244,42,0
0,246,42,0
1,248,44,0
0,249,43,0
0,248,41,0
-1,248,41,0
0,244,40,0
0,245,40,0
0,244,43,0
1,245,42,0
1,247,42,0
1,247,42,0
0,248,41,0
-1,248,41,0
0,246,39,0
0,246,42,0
0,246,42,0
0,245,42,0
0,243,41,0
1,243,40,0
1,243,40,0
1,246,41,0
0,247,42,0
0,248,42,0
-1,248,42,0
0,247,42,0
0,247,41,0
0,245,41,0
2,245,41,0
1,247,42,0
1,247,42,0
0,245,41,0
0,244,39,0
0,244,40,0
0,242,39,0
0,245,40,0
0,246,41,0
-1,247,41,0
0,249,43,0
0,248,43,0
0,249,43,0
0,246,42,0
0,245,41,0
0,244,41,0
0,244,41,0
1,244,39,0
1,244,38,0
0,245,40,0
1,246,41,0
-1,247,43,0
0,246,44,0
0,247,43,0
0,247,44,0
0,245,43,0
1,243,40,0
0,243,38,0
1,246,39,0
1,246,39,0
1,247,43,0
0,248,43,0
0,248,44,0
-1,248,45,0
-1,245,42,0
-1,244,42,0
0,244,40,0
1,244,39,0
1,247,40,0
2,246,41,0
1,247,40,0
0,246,42,0
-2,244,43,0
-1,246,44,0
-1,245,43,0
0,246,41,0
1,248,41,0
2,248,41,0
2,248,40,0
1,248,41,0
0,246,40,0
0,243,41,0
-1,243,40,0
0,242,42,0
0,243,41,0
0,245,43,0
1,246,42,0
1,246,40,0
-1,247,42,0
-1,247,41,0
-1,246,40,0
0,248,42,0
1,248,42,0
1,247,45,0
2,245,42,0
1,246,40,0
0,245,39,0
0,243,38,0
0,242,38,0
0,243,41,0
0,247,44,0
1,247,45,0
0,248,44,0
0,247,44,0
0,247,41,0
0,247,42,0
0,245,39,0
0,244,39,0
0,244,41,0
0,243,42,0
1,245,42,0
1,246,42,0
1,247,42,0
0,248,41,0
1,246,42,0
-1,247,41,0
-1,246,40,0
-1,247,40,0
1,246,40,0
2,245,41,0
2,245,41,0
2,243,42,0
0,243,42,0
-1,245,42,0
0,245,43,0
0,248,42,0
0,249,43,0
0,248,42,0
-1,249,41,0
-1,246,39,0
0,243,39,0
1,241,39,0
1,244,41,0
1,245,40,0
0,246,43,0
-1,248,44,0
-1,249,43,0
0,248,43,0
0,247,41,0
1,246,41,0
1,244,40,0
1,242,39,0
0,242,41,0
0,244,40,0
-2,247,41,0
0,250,42,0
0,250,41,0
0,250,42,0
1,248,41,0
1,246,41,0
1,243,42,0
0,243,43,0
-1,243,42,0
-1,244,43,0
0,245,42,0
1,245,40,0
1,246,39,0
0,247,40,0
1,246,39,0
1,245,39,0
0,246,41,0
0,246,41,0
0,247,43,0
-1,248,42,0
-1,247,42,0
0,245,42,0
0,244,42,0
1,245,43,0
2,244,41,0
1,244,38,0
1,243,40,0
1,245,39,0
0,246,39,0
0,246,41,0
-1,248,43,0
-1,248,42,0
0,247,42,0
1,246,42,0
1,245,42,0
2,245,41,0
1,246,39,0
0,245,41,0
0,246,40,0
-1,245,41,0
-1,246,43,0
0,245,42,0
1,245,41,0
1,244,39,0
2,244,39,0
0,245,39,0
0,246,41,0
0,247,41,0
-1,250,42,0
-1,248,41,0
0,247,41,0
1,246,40,0
1,246,39,0
1,245,40,0
0,246,41,0
1,246,40,0
-1,246,41,0
0,245,39,0
0,245,40,0
1,245,40,0
1,244,42,0
1,245,41,0
0,244,40,0
0,244,42,0
-1,247,43,0
0,247,43,0
0,248,43,0
1,247,42,0
1,248,40,0
2,246,40,0
1,246,37,0
0,245,37,0
0,246,38,0
0,244,40,0
0,244,42,0
0,243,44,0
1,242,43,0
0,243,41,0
1,245,40,0
0,248,38,0
0,249,40,0
0,250,41,0
1,249,40,0
0,248,40,0
1,244,39,0
1,242,39,0
1,242,38,0
1,242,39,0
1,244,39,0
0,247,41,0
0,249,42,0
0,249,41,0
-1,248,43,0
0,248,41,0
0,247,41,0
2,245,41,0
1,244,38,0
1,243,39,0
1,243,38,0
0,245,41,0
0,246,41,0
0,246,42,0
0,246,42,0
0,245,42,0
0,246,41,0
-1,247,41,0
0,247,41,0
0,248,40,0
0,247,38,0
0,246,39,0
0,244,39,0
0,244,42,0
0,244,41,0
0,244,39,0
0,245,41,0
-1,248,41,0
0,250,40,0
0,249,41,0
0,249,42,0
1,247,41,0
1,246,42,0
1,245,40,0
1,243,40,0
1,244,38,0
0,244,37,0
-1,245,40,0
0,245,41,0
0,246,41,0
1,247,40,0
0,248,40,0
1,247,41,0
1,247,40,0
1,247,41,0
0,246,41,0
0,246,40,0
0,246,40,0
0,245,39,0
0,245,41,0
0,243,40,0
1,244,38,0
1,245,38,0
0,246,38,0
0,247,40,0
0,247,43,0
0,247,43,0
1,247,43,0
0,247,42,0
0,247,41,0
1,246,41,0
1,245,39,0
1,243,38,0
0,243,39,0
0,243,39,0
0,244,41,0
0,247,41,0
0,248,42,0
1,248,43,0
1,249,44,0
1,247,39,0
1,247,41,0
0,246,39,0
0,244,38,0
1,242,38,0
1,242,40,0
1,242,40,0
1,245,41,0
-1,247,44,0
0,248,42,0
0,248,42,0
1,248,42,0
1,247,41,0
0,246,39,0
0,244,38,0
0,243,38,0
0,244,39,0
1,244,41,0
1,246,41,0
1,247,43,0
1,246,40,0
1,245,43,0
1,244,43,0
0,245,41,0
0,245,39,0
0,243,38,0
0,247,40,0
1,247,40,0
1,247,39,0
1,248,42,0
1,247,41,0
0,246,41,0
-1,247,40,0
0,246,40,0
2,244,42,0
1,244,40,0
1,245,41,0
0,244,41,0
0,246,42,0
0,245,41,0
0,247,42,0
0,248,40,0
0,247,39,0
1,246,39,0
2,245,40,0
1,244,39,0
1,244,41,0
-1,245,40,0
-1,246,43,0
-1,246,45,0
0,247,43,0
1,246,42,0
1,247,40,0
1,247,40,0
0,247,39,0
0,246,39,0
0,245,40,0
1,244,40,0
0,245,40,0
0,245,42,0
1,245,41,0
1,245,41,0
0,246,40,0
-1,247,39,0
0,248,39,0
0,248,42,0
0,248,42,0
1,246,42,0
2,243,42,0
1,243,40,0
0,243,39,0
0,244,37,0
1,245,40,0
0,247,40,0
1,248,41,0
1,248,41,0
1,249,42,0
0,246,42,0
-1,245,42,0
0,244,42,0
0,244,41,0
1,245,41,0
1,246,40,0
1,246,39,0
0,247,42,0
1,246,41,0
0,247,40,0
0,245,38,0
0,245,41,0
1,244,41,0
0,244,41,0
0,245,42,0
1,246,41,0
0,247,40,0
0,247,40,0
0,247,40,0
1,246,37,0
0,245,39,0
-1,244,39,0
-1,245,39,0
0,246,41,0
0,248,43,0
1,249,45,0
1,247,43,0
1,246,42,0
0,244,40,0
0,242,38,0
1,242,38,0
2,246,40,0
1,247,43,0
1,248,44,0
0,248,45,0
-1,246,42,0
0,245,42,0
0,247,42,0
0,245,42,0
1,245,41,0
1,245,41,0
1,244,41,0
0,244,40,0
0,246,40,0
0,247,41,0
1,246,43,0
1,246,41,0
3,244,42,0
1,245,40,0
0,244,40,0
-1,246,41,0
-1,246,38,0
0,246,42,0
1,246,42,0
1,247,41,0
1,246,41,0
1,244,41,0
1,244,41,0
0,246,40,0
-1,246,40,0
-1,247,41,0
1,248,42,0
0,247,41,0
0,246,41,0
1,245,39,0
0,245,40,0
1,243,41,0
1,243,41,0
1,242,42,0
0,245,40,0
-1,245,40,0
0,247,42,0
0,248,42,0
0,248,41,0
0,247,42,0
0,247,41,0
0,246,41,0
1,245,41,0
1,244,41,0
1,245,41,0
1,246,40,0
0,245,40,0
0,246,40,0
1,246,40,0
1,245,40,0
0,243,41,0
1,244,43,0
0,244,41,0
-1,246,40,0
-1,248,41,0
-1,248,40,0
0,249,42,0
1,248,41,0
2,248,43,0
2,247,41,0
1,244,41,0
0,245,39,0
-1,245,39,0
-1,246,41,0
0,246,41,0
1,246,43,0
1,246,43,0
0,245,41,0
1,246,40,0
1,245,40,0
2,246,41,0
1,245,42,0
0,248,42,0
-1,248,42,0
0,248,42,0
0,247,40,0
2,245,41,0
2,242,39,0
1,243,41,0
1,243,40,0
0,245,44,0
0,247,42,0
0,248,40,0
0,247,41,0
1,247,41,0
3,250,44,0
1,246,41,0
1,246,42,0
0,246,42,0
0,245,42,0
0,245,41,0
0,246,41,0
1,246,40,0
2,245,40,0
1,246,40,0
0,245,41,0
-1,248,44,0
0,248,45,0
0,249,43,0
1,246,43,0
1,245,39,0
1,244,37,0
1,244,38,0
0,244,40,0
1,243,43,0
1,245,43,0
1,245,43,0
1,245,43,0
0,246,42,0
-1,246,40,0
0,246,40,0
1,245,40,0
1,248,39,0
1,248,40,0
1,248,41,0
0,247,39,0
0,245,38,0
0,243,41,0
2,244,41,0
0,244,42,0
1,246,42,0
1,246,40,0
0,247,41,0
0,247,39,0
1,246,40,0
1,246,41,0
1,244,42,0
0,244,41,0
0,245,43,0
0,246,39,0
1,247,41,0
1,247,39,0
0,249,39,0
1,247,41,0
1,248,42,0
0,246,41,0
1,244,41,0
1,244,39,0
0,244,38,0
0,245,39,0
0,245,40,0
1,245,40,0
1,245,42,0
2,246,43,0
0,246,44,0
1,245,42,0
-1,245,38,0
-1,243,38,0
1,245,38,0
0,246,40,0
1,248,41,0
1,247,41,0
1,248,42,0
1,248,40,0
0,246,40,0
0,246,42,0
0,244,40,0
1,243,41,0
1,243,38,0
1,245,41,0
1,246,40,0
0,248,41,0
-1,251,42,0
0,251,43,0
0,249,41,0
1,248,40,0
2,243,40,0
3,241,40,0
3,239,40,0
1,241,40,0
-2,245,41,0
-2,247,41,0
-1,251,44,0
1,251,43,0
2,250,43,0
2,249,41,0
2,245,40,0
1,243,38,0
0,242,39,0
0,242,39,0
1,241,40,0
0,245,41,0
0,248,43,0
0,250,43,0
-1,250,45,0
-1,249,42,0
0,247,40,0
1,244,39,0
2,244,39,0
2,244,39,0
0,244,40,0
0,247,42,0
0,247,38,0
0,245,40,0
1,243,41,0
0,242,40,0
0,244,41,0
-1,247,40,0
0,248,42,0
0,249,43,0
1,249,42,0
1,250,40,0
3,248,39,0
1,246,40,0
1,245,40,0
0,244,41,0
0,243,39,0
-1,243,39,0
-1,243,37,0
0,246,39,0
0,246,40,0
1,247,42,0
2,248,43,0
2,247,43,0
1,247,42,0
0,246,40,0
0,245,42,0
-1,245,39,0
0,245,39,0
1,245,41,0
0,245,41,0
0,246,39,0
0,245,39,0
1,246,41,0
1,248,41,0
2,247,41,0
1,247,39,0
0,246,41,0
0,245,41,0
-1,245,39,0
-1,245,41,0
0,244,41,0
0,245,42,0
1,245,43,0
1,246,42,0
0,247,40,0
0,248,38,0
1,247,38,0
0,246,39,0
0,244,41,0
0,245,41,0
0,244,42,0
1,244,40,0
1,246,39,0
1,246,38,0
0,246,40,0
1,246,40,0
1,247,40,0
1,246,42,0
1,247,40,0
0,248,40,0
0,247,39,0
0,247,38,0
1,246,39,0
0,245,38,0
1,245,40,0
1,245,43,0
1,245,42,0
1,246,40,0
1,245,40,0
1,247,39,0
0,247,40,0
0,246,40,0
0,246,40,0
0,245,40,0
0,245,38,0
1,246,37,0
0,246,40,0
0,245,42,0
1,244,43,0
1,244,43,0
0,246,42,0
0,246,40,0
0,248,40,0
1,248,39,0
0,249,38,0
0,246,39,0
1,242,39,0
1,240,39,0
2,241,40,0
1,241,40,0
0,245,40,0
0,247,43,0
-1,252,43,0
-1,251,43,0
-1,251,41,0
0,249,39,0
1,248,42,0
2,244,38,0
1,243,39,0
0,242,39,0
0,242,38,0
0,243,39,0
0,245,40,0
0,246,40,0
1,248,41,0
1,247,41,0
1,248,40,0
0,248,41,0
0,250,43,0
1,246,41,0
0,245,41,0
0,244,40,0
0,243,39,0
-1,245,40,0
0,246,38,0
0,248,39,0
1,247,40,0
1,246,42,0
1,245,42,0
0,244,42,0
0,245,39,0
-2,248,40,0
-1,249,38,0
0,248,39,0
1,249,40,0
2,246,40,0
2,244,41,0
0,243,42,0
0,243,39,0
-1,244,38,0
0,248,39,0
0,250,39,0
1,250,41,0
2,247,42,0
2,245,43,0
0,241,40,0
-1,243,40,0
-1,245,40,0
0,247,38,0
0,248,37,0
2,248,39,0
2,247,40,0
1,246,41,0
0,244,42,0
0,244,41,0
-1,244,41,0
-1,245,39,0
-2,244,38,0
0,247,39,0
1,246,40,0
1,246,41,0
2,244,41,0
2,244,41,0
0,247,43,0
0,245,39,0
-2,246,38,0
-2,245,38,0
0,246,41,0
1,245,41,0
3,247,43,0
2,248,41,0
1,249,42,0
-2,248,39,0
-2,248,37,0
0,245,39,0
1,243,40,0
3,242,40,0
3,241,42,0
2,243,42,0
0,245,42,0
-1,246,39,0
-1,247,39,0
0,247,39,0
1,247,38,0
2,248,38,0
1,248,42,0
0,246,41,0
-1,247,42,0
0,246,39,0
0,247,41,0
0,246,40,0
0,245,41,0
1,243,38,0
1,245,38,0
1,243,39,0
1,245,39,0
0,248,41,0
0,248,40,0
-1,249,40,0
-1,249,40,0
0,248,41,0
0,245,39,0
0,244,40,0
1,243,38,0
2,244,39,0
1,245,41,0
1,245,40,0
1,244,40,0
0,247,39,0
-1,247,38,0
0,248,40,0
0,248,41,0
1,247,40,0
1,246,40,0
0,246,40,0
0,246,39,0
1,246,40,0
1,247,41,0
1,246,40,0
1,245,39,0
0,246,39,0
0,247,38,0
0,245,39,0
0,246,40,0
0,246,42,0
0,246,41,0
0,243,41,0
0,244,39,0
1,245,40,0
0,248,38,0
0,249,40,0
0,249,40,0
0,250,40,0
0,247,39,0
0,244,41,0
0,243,40,0
0,242,40,0
0,243,41,0
1,244,40,0
1,246,40,0
0,246,39,0
0,249,42,0
0,249,42,0
0,250,42,0
1,247,43,0
0,246,41,0
1,244,39,0
1,243,37,0
0,243,38,0
-1,245,41,0
-1,247,42,0
0,246,42,0
2,246,43,0
2,245,41,0
0,246,41,0
-1,247,41,0
-1,249,40,0
1,249,41,0
1,247,42,0
2,246,40,0
1,244,40,0
0,244,39,0
0,244,40,0
-1,244,40,0
0,244,40,0
1,245,40,0
1,246,42,0
1,248,40,0
1,250,41,0
0,249,41,0
1,247,42,0
1,246,40,0
0,243,40,0
0,243,38,0
0,243,38,0
0,244,39,0
1,245,41,0
1,247,42,0
1,248,41,0
0,247,41,0
0,248,38,0
0,247,40,0
1,246,41,0
0,246,41,0
1,244,40,0
1,243,41,0
0,243,41,0
0,245,41,0
0,246,39,0
0,248,40,0
0,251,42,0
2,250,41,0
1,246,42,0
1,243,41,0
0,243,38,0
0,242,41,0
0,243,39,0
-1,246,40,0
1,246,39,0
1,246,43,0
2,247,40,0
1,247,42,0
1,249,43,0
0,250,44,0
-1,249,42,0
0,247,37,0
0,244,38,0
1,243,38,0
1,243,40,0
1,243,41,0
1,245,42,0
0,246,44,0
0,247,41,0
-1,246,41,0
0,246,40,0
0,246,39,0
1,248,40,0
2,248,41,0
2,249,40,0
3,247,41,0
0,246,40,0
-1,245,40,0
-2,244,38,0
-2,242,40,0
0,245,38,0
1,246,41,0
3,248,42,0
2,249,42,0
2,251,44,0
0,248,40,0
0,246,39,0
0,246,39,0
0,245,39,0
0,244,39,0
1,244,40,0
0,245,40,0
0,244,39,0
0,245,41,0
1,245,43,0
0,246,42,0
1,248,41,0
1,248,40,0
1,249,38,0
1,247,40,0
1,245,40,0
1,242,39,0
0,243,37,0
0,244,38,0
-1,246,41,0
0,247,43,0
0,248,43,0
1,247,43,0
1,245,41,0
0,245,41,0
0,244,38,0
0,245,39,0
0,246,39,0
1,245,39,0
1,247,41,0
1,248,39,0
0,248,40,0
-1,248,41,0
0,247,41,0
1,245,39,0
1,243,40,0
3,242,41,0
2,245,44,0
0,245,41,0
-1,247,41,0
-1,241,37,0
0,249,38,0
1,248,39,0
1,245,38,0
0,245,40,0
0,245,41,0
1,245,41,0
1,246,40,0
1,247,40,0
1,246,40,0
0,245,39,0
1,246,39,0
0,246,40,0
1,245,39,0
1,246,38,0
0,246,39,0
-1,248,42,0
-1,249,43,0
0,247,42,0
2,247,43,0
2,245,42,0
2,243,40,0
0,243,37,0
0,242,37,0
0,245,39,0
-1,246,39,0
1,248,41,0
0,249,42,0
1,248,43,0
1,247,42,0
1,245,42,0
0,245,39,0
0,244,40,0
0,244,39,0
1,246,40,0
0,248,40,0
0,249,38,0
0,248,40,0
0,246,40,0
0,244,40,0
1,242,40,0
1,242,39,0
0,244,40,0
0,246,40,0
1,246,40,0
0,248,41,0
0,248,42,0
0,248,42,0
1,247,39,0
1,245,38,0
1,243,38,0
1,243,39,0
1,244,41,0
1,246,41,0
0,248,42,0
1,248,43,0
1,247,40,0
1,247,39,0
0,247,40,0
0,244,39,0
1,243,39,0
0,244,41,0
1,245,41,0
1,247,43,0
0,248,42,0
0,250,41,0
0,248,40,0
0,246,39,0
0,244,37,0
0,242,38,0
0,245,41,0
1,247,42,0
0,247,42,0
1,249,40,0
1,249,39,0
0,248,38,0
1,246,39,0
1,245,39,0
1,244,39,0
0,243,39,0
-1,243,40,0
-1,243,39,0
0,244,40,0
2,246,43,0
2,248,43,0
2,248,40,0
1,249,40,0
-1,247,39,0
-1,247,38,0
-1,247,38,0
-1,247,39,0
1,246,40,0
1,244,41,0
0,242,44,0
1,241,41,0
0,244,40,0
0,244,40,0
0,248,39,0
1,250,39,0
0,250,42,0
1,247,41,0
0,245,40,0
0,244,40,0
1,245,39,0
0,246,40,0
1,245,41,0
1,247,40,0
1,246,43,0
1,246,43,0
0,246,41,0
0,247,39,0
0,246,39,0
0,248,40,0
0,248,39,0
1,245,40,0
0,247,39,0
1,244,39,0
0,244,38,0
1,245,41,0
1,246,41,0
0,247,41,0
0,247,41,0
0,247,43,0
0,247,41,0
0,247,42,0
0,246,39,0
0,246,39,0
0,245,37,0
1,244,38,0
1,245,39,0
0,243,40,0
1,245,42,0
0,247,42,0
0,249,41,0
0,247,42,0
1,246,39,0
0,245,39,0
0,245,38,0
1,245,40,0
0,246,40,0
1,246,39,0
0,248,41,0
0,247,40,0
0,247,41,0
1,244,39,0
2,243,39,0
1,244,40,0
1,244,40,0
0,245,43,0
0,246,41,0
0,248,39,0
0,248,38,0
1,247,40,0
0,248,39,0
0,247,39,0
1,246,40,0
1,245,40,0
1,244,38,0
1,244,37,0
0,244,39,0
-1,246,40,0
-1,247,41,0
0,247,41,0
1,246,41,0
2,245,40,0
1,245,39,0
1,244,40,0
0,244,41,0
0,245,41,0
0,247,43,0
0,248,41,0
0,247,40,0
0,247,38,0
1,244,38,0
1,245,37,0
0,244,39,0
0,247,40,0
0,245,43,0
0,247,42,0
1,247,43,0
1,244,43,0
1,245,41,0
1,246,41,0
0,248,38,0
0,247,39,0
1,246,38,0
1,245,38,0
1,243,42,0
0,244,40,0
0,245,40,0
0,246,40,0
1,245,41,0
1,246,40,0
2,246,40,0
1,246,40,0
0,247,39,0
0,247,39,0
-1,248,40,0
0,246,40,0
1,246,40,0
1,246,41,0
1,247,40,0
1,246,38,0
0,245,39,0
0,244,39,0
0,242,39,0
1,243,41,0
1,244,39,0
1,246,42,0
0,248,41,0
0,250,41,0
-2,250,40,0
0,249,40,0
1,248,40,0
2,245,40,0
1,242,39,0
0,242,37,0
0,242,37,0
-1,244,36,0
0,245,39,0
0,247,40,0
0,247,41,0
0,248,41,0
0,250,43,0
0,248,40,0
0,246,40,0
0,244,40,0
0,245,40,0
1,245,39,0
0,247,40,0
-1,245,41,0
0,245,40,0
0,246,40,0
1,246,39,0
1,245,41,0
1,247,45,0
0,246,41,0
0,246,42,0
0,246,41,0
0,247,41,0
1,245,40,0
1,246,40,0
2,246,38,0
1,247,37,0
1,248,39,0
0,246,39,0
0,245,41,0
0,244,40,0
0,242,41,0
1,245,39,0
1,246,37,0
2,247,38,0
11,244,40,0
18,243,41,0
1,246,42,0
-14,250,41,0
-14,251,40,0
-1,248,40,0
8,244,40,0
8,242,40,0
1,244,38,0
-4,246,39,0
-2,246,41,0
0,243,43,0
2,244,42,0
1,245,42,0
0,248,40,0
-1,248,42,0
0,250,40,0
0,246,41,0
1,244,43,0
0,243,42,0
1,243,40,0
1,245,40,0
0,246,38,0
0,248,38,0
0,249,38,0
2,249,32,0
-2,244,46,0
-1,246,47,0
1,246,45,0
-2,242,45,0
-1,243,42,0
1,247,38,0
-1,243,40,0
0,246,40,0
1,248,39,0
8,249,30,0
-1,245,44,0
-2,243,47,0
-1,247,44,0
1,249,40,0
2,249,39,0
0,245,38,0
-1,243,40,0
0,242,41,0
0,244,43,0
1,250,45,0
-14,241,43,0
-11,245,35,0
0,247,39,0
6,247,42,0
5,245,43,0
1,245,44,0
-2,246,42,0
-2,246,43,0
-1,246,42,0
0,248,42,0
0,247,41,0
1,245,45,0
2,246,42,0
4,244,41,0
1,244,42,0
0,244,42,0
-2,245,39,0
-2,246,39,0
8,254,35,0
-20,241,41,0
-21,241,40,0
-14,245,41,0
-8,244,41,0
-5,243,43,0
2,244,44,0
9,248,43,0
7,248,42,0
1,248,42,0
-4,247,43,0
-5,246,44,0
-1,246,40,0
1,246,39,0
2,245,40,0
0,244,39,0
1,245,42,0
0,246,44,0
1,245,44,0
1,247,42,0
0,247,41,0
0,247,40,0
-1,246,41,0
0,245,41,0
-1,245,41,0
0,244,41,0
1,245,42,0
1,245,41,0
0,246,40,0
1,247,42,0
0,246,40,0
0,246,39,0
1,246,39,0
0,245,39,0
1,245,40,0
0,245,39,0
0,246,40,0
1,246,40,0
0,246,41,0
0,247,42,0
0,245,41,0
0,245,41,0
1,245,39,0
1,247,39,0
1,246,40,0
0,247,40,0
0,246,40,0
0,245,40,0
0,245,40,0
1,245,40,0
0,243,39,0
1,243,40,0
1,244,40,0
0,247,41,0
0,247,41,0
0,248,41,0
0,249,42,0
1,249,41,0
1,247,41,0
0,245,39,0
1,244,39,0
0,244,40,0
0,245,38,0
0,245,39,0
-1,246,40,0
0,247,40,0
0,246,41,0
0,246,41,0
1,246,42,0
1,247,41,0
1,245,41,0
1,244,39,0
0,245,39,0
0,245,38,0
0,247,39,0
0,247,41,0
0,247,41,0
1,247,42,0
1,247,42,0
0,246,41,0
1,244,40,0
1,243,38,0
1,243,39,0
0,243,40,0
0,245,41,0
0,246,41,0
0,248,42,0
0,249,41,0
0,248,42,0
0,247,40,0
0,247,40,0
1,246,39,0
0,245,39,0
0,246,39,0
0,245,41,0
1,247,40,0
1,246,39,0
1,246,41,0
1,245,39,0
0,244,40,0
0,244,41,0
0,246,39,0
-1,248,41,0
0,249,42,0
0,248,41,0
0,248,38,0
1,246,41,0
1,244,40,0
0,243,40,0
1,242,39,0
0,243,39,0
0,244,39,0
0,247,40,0
0,248,40,0
0,249,41,0
0,248,42,0
1,247,41,0
1,244,42,0
2,244,41,0
1,244,39,0
1,246,40,0
0,246,37,0
0,247,40,0
1,247,40,0
0,248,41,0
0,246,41,0
0,246,40,0
1,245,39,0
1,244,39,0
0,244,40,0
1,244,41,0
0,247,40,0
0,248,39,0
0,248,41,0
0,248,40,0
0,247,40,0
0,246,41,0
0,244,43,0
0,243,40,0
0,243,39,0
-1,244,39,0
0,245,39,0
1,247,39,0
1,248,42,0
2,247,42,0
1,247,43,0
0,246,41,0
0,245,40,0
0,245,40,0
1,245,39,0
1,245,38,0
0,245,39,0
0,246,40,0
1,245,39,0
1,247,41,0
0,247,40,0
0,246,40,0
0,245,41,0
0,245,43,0
1,245,43,0
0,247,40,0
0,247,40,0
1,247,41,0
0,247,39,0
1,248,40,0
0,246,38,0
0,245,40,0
0,245,39,0
1,244,40,0
1,244,40,0
0,245,41,0
1,245,41,0
0,246,43,0
1,246,39,0
0,247,39,0
0,246,40,0
1,245,39,0
0,246,39,0
0,245,40,0
1,245,39,0
1,245,41,0
-1,246,39,0
0,247,39,0
0,247,40,0
1,246,42,0
1,246,41,0
0,246,40,0
2,248,39,0
1,245,38,0
1,246,39,0
0,246,42,0
0,247,42,0
0,244,42,0
-8,236,32,0
0,245,41,0
0,244,40,0
-3,241,36,0
0,246,39,0
1,248,38,0
-4,243,34,0
0,248,38,0
0,245,40,0
0,244,38,0
1,244,39,0
1,243,41,0
1,245,40,0
1,246,40,0
0,249,40,0
0,249,40,0
0,248,38,0
0,247,40,0
1,245,40,0
0,244,41,0
0,244,40,0
0,242,41,0
0,243,41,0
0,245,41,0
0,247,40,0
0,248,39,0
0,249,40,0
0,247,39,0
0,247,40,0
1,243,40,0
1,243,38,0
0,245,41,0
0,246,42,0
1,247,41,0
1,246,40,0
0,247,39,0
0,247,39,0
0,246,39,0
0,245,38,0
1,246,38,0
1,246,38,0
1,246,40,0
1,246,41,0
0,245,41,0
0,244,41,0
1,245,41,0
1,245,40,0
1,245,40,0
1,246,39,0
4,251,39,0
0,247,38,0
0,246,38,0
0,247,40,0
1,245,40,0
1,246,41,0
1,246,41,0
0,247,41,0
1,247,41,0
0,246,40,0
0,247,40,0
0,247,40,0
0,247,38,0
0,246,40,0
1,246,40,0
1,245,41,0
0,245,41,0
0,244,40,0
0,245,41,0
0,247,40,0
0,246,41,0
0,248,42,0
0,247,40,0
1,246,40,0
1,246,41,0
0,246,39,0
0,245,39,0
0,245,40,0
0,244,40,0
0,245,40,0
-1,246,41,0
0,246,41,0
0,246,42,0
0,248,39,0
0,247,41,0
0,247,40,0
0,246,38,0
1,245,38,0
0,246,40,0
1,245,41,0
0,245,42,0
-1,246,42,0
-1,246,40,0
0,247,40,0
0,246,41,0
1,246,41,0
0,245,40,0
1,245,40,0
0,245,39,0
1,246,39,0
0,245,40,0
1,247,41,0
1,248,42,0
1,248,40,0
0,246,40,0
1,244,39,0
0,244,39,0
0,243,37,0
1,245,40,0
1,245,42,0
1,246,40,0
1,248,39,0
0,248,39,0
0,247,39,0
1,247,39,0
0,245,41,0
0,244,40,0
0,243,39,0
0,245,40,0
0,245,40,0
0,246,41,0
-1,245,39,0
0,245,42,0
1,246,40,0
1,247,40,0
0,246,41,0
1,246,38,0
0,247,38,0
-1,245,40,0
0,246,41,0
0,246,41,0
0,247,41,0
1,245,42,0
1,247,38,0
0,246,38,0
0,245,39,0
0,245,37,0
0,245,39,0
0,244,39,0
0,246,39,0
0,246,42,0
1,247,41,0
0,248,40,0
0,247,41,0
0,247,41,0
0,247,40,0
1,246,40,0
0,243,39,0
0,244,39,0
0,244,37,0
0,244,40,0
1,245,38,0
0,247,40,0
0,248,43,0
0,248,42,0
0,248,42,0
0,247,39,0
0,246,40,0
0,245,40,0
1,244,40,0
1,244,40,0
1,245,40,0
0,246,41,0
0,245,41,0
0,248,39,0
0,248,41,0
1,247,40,0
2,246,40,0
0,244,40,0
0,243,38,0
0,244,40,0
0,246,42,0
0,248,42,0
-1,249,41,0
1,248,41,0
1,247,39,0
1,245,38,0
1,244,40,0
1,243,41,0
1,243,41,0
0,247,42,0
0,247,41,0
0,247,39,0
1,245,40,0
0,246,40,0
1,246,38,0
0,245,40,0
1,246,40,0
0,248,42,0
1,247,40,0
-1,243,39,0
2,245,40,0
1,245,39,0
0,244,38,0
0,244,40,0
1,244,39,0
0,247,41,0
0,248,41,0
0,247,42,0
0,247,41,0
0,245,38,0
0,246,38,0
0,246,38,0
0,246,41,0
-1,248,40,0
0,246,42,0
0,245,40,0
0,245,39,0
0,245,39,0
1,246,40,0
1,246,41,0
0,247,42,0
0,246,42,0
0,246,40,0
0,247,42,0
0,247,40,0
0,246,39,0
1,245,40,0
2,244,40,0
2,243,41,0
1,244,39,0
0,246,40,0
0,249,42,0
0,249,42,0
0,248,41,0
1,247,39,0
0,245,40,0
1,244,40,0
1,246,42,0
1,245,41,0
1,244,40,0
0,244,40,0
0,245,41,0
0,245,40,0
0,248,41,0
0,248,44,0
-1,248,42,0
0,246,40,0
-1,246,40,0
0,245,38,0
1,246,39,0
2,244,40,0
2,245,41,0
1,245,40,0
0,245,42,0
-2,244,40,0
-2,244,39,0
-1,247,40,0
0,248,42,0
1,248,41,0
2,248,42,0
1,246,40,0
1,246,37,0
0,244,38,0
0,242,37,0
0,244,39,0
0,245,39,0
0,247,40,0
0,248,41,0
-1,248,42,0
0,247,39,0
0,246,39,0
0,246,40,0
1,245,41,0
1,245,41,0
1,245,40,0
0,246,40,0
-1,246,39,0
-2,247,40,0
0,246,39,0
1,247,43,0
2,247,41,0
3,244,41,0
1,245,40,0
1,244,39,0
0,244,38,0
0,244,40,0
-1,246,40,0
0,247,41,0
-1,249,42,0
-1,248,42,0
0,247,39,0
1,245,40,0
2,243,39,0
1,244,40,0
1,244,40,0
0,244,39,0
-1,246,40,0
-1,246,39,0
-2,247,40,0
0,247,40,0
2,247,41,0
2,248,42,0
1,246,42,0
1,244,41,0
0,245,39,0
-1,244,41,0
0,246,38,0
0,246,40,0
1,248,41,0
1,248,40,0
1,247,42,0
1,245,40,0
0,244,39,0
-1,245,40,0
0,245,40,0
0,247,41,0
0,245,40,0
1,246,39,0
1,246,40,0
1,248,39,0
2,247,40,0
0,246,41,0
0,246,40,0
0,246,40,0
0,246,40,0
0,245,40,0
0,245,40,0
1,245,40,0
1,246,39,0
1,245,41,0
0,246,41,0
-1,247,40,0
0,247,40,0
-2,246,40,0
0,246,38,0
1,246,39,0
1,246,40,0
1,244,39,0
1,246,39,0
0,246,39,0
-1,247,40,0
-1,247,40,0
0,246,41,0
1,246,40,0
2,244,41,0
2,244,38,0
1,244,40,0
0,245,41,0
0,246,40,0
-1,246,40,0
0,248,42,0
-1,248,41,0
0,246,38,0
1,245,39,0
1,244,39,0
2,243,40,0
